Location Name,My Price
"AB CALGARY",
"AB EDMONTON",
"AK ANCHORAGE",
"AL BIRMINGHAM",
"AL DOTHAN",
"AL MOBILE",
"AL MOBILE SOUTH",
"AL MONTGOMERY",
"AL TANNER",
"AR FAYETTEVILLE",
"AR LITTLE ROCK",
"AZ PHOENIX",
"AZ TUCSON",
"CA ADELANTO",
"CA ANTELOPE",
"CA BAKERSFIELD",
"CA FRESNO",
"CA HAYWARD",
"CA LONG BEACH",
"CA LOS ANGELES",
"CA MARTINEZ",
"CA RANCHO CUCAMONGA",
"CA REDDING",
"CA SACRAMENTO",
"CA SAN BERNARDINO",
"CA SAN DIEGO",
"CA SAN JOSE",
"CA SOUTH SACRAMENTO",
"CA SUN VALLEY",
"CA VALLEJO",
"CA VAN NUYS",
"CO COLORADO SPRINGS",
"CO DENVER",
"CO DENVER CENTRAL",
"CO DENVER SOUTH",
"CT HARTFORD",
"CT HARTFORD SPRINGFIELD",
"DE SEAFORD",
"FL FT. PIERCE",
"FL JACKSONVILLE NORTH",
"FL MIAMI CENTRAL",
"FL MIAMI NORTH",
"FL MIAMI SOUTH",
"FL OCALA",
"FL ORLANDO NORTH",
"FL ORLANDO SOUTH",
"FL PUNTA GORDA",
"FL TALLAHASSEE",
"FL TAMPA SOUTH",
"FL WEST PALM BEACH",
"GA ATLANTA EAST",
"GA ATLANTA NORTH",
"GA ATLANTA SOUTH",
"GA ATLANTA WEST",
"GA CARTERSVILLE",
"GA FAIRBURN",
"GA MACON",
"GA SAVANNAH",
"GA TIFTON",
"HI HONOLULU",
"IA DAVENPORT",
"IA DES MOINES",
"ID BOISE",
"IL CHICAGO NORTH",
"IL CHICAGO SOUTH",
"IL PEORIA",
"IL SOUTHERN ILLINOIS",
"IL WHEELING",
"IN CICERO",
"IN DYER",
"IN FORT WAYNE",
"IN HAMMOND",
"IN HARTFORD CITY",
"IN INDIANAPOLIS",
"KS KANSAS CITY",
"KS WICHITA",
"KY EARLINGTON",
"KY LEXINGTON EAST",
"KY LEXINGTON WEST",
"KY LOUISVILLE",
"KY WALTON",
"LA BATON ROUGE",
"LA NEW ORLEANS",
"LA SHREVEPORT",
"MA NORTH BOSTON",
"MA SOUTH BOSTON",
"MA WEST WARREN",
"MD BALTIMORE",
"MD BALTIMORE EAST",
"MD WASHINGTON DC",
"ME LYMAN",
"MI DETROIT",
"MI FLINT",
"MI IONIA",
"MI KINCHELOE",
"MI LANSING",
"MN MINNEAPOLIS",
"MN MINNEAPOLIS NORTH",
"MN ST. CLOUD",
"MO COLUMBIA",
"MO SIKESTON",
"MO SPRINGFIELD",
"MO ST. LOUIS",
"MS JACKSON",
"MT BILLINGS",
"MT HELENA",
"NB MONCTON",
"NC CHINA GROVE",
"NC CONCORD",
"NC GASTONIA",
"NC LUMBERTON",
"NC MEBANE",
"NC MOCKSVILLE",
"NC RALEIGH",
"NC RALEIGH NORTH",
"ND BISMARCK",
"NE LINCOLN",
"NH CANDIA",
"NJ GLASSBORO EAST",
"NJ GLASSBORO WEST",
"NJ SOMERVILLE",
"NJ TRENTON",
"NM ALBUQUERQUE",
"NS HALIFAX",
"NV LAS VEGAS",
"NV RENO",
"NY ALBANY",
"NY BUFFALO",
"NY LONG ISLAND",
"NY NEWBURGH",
"NY ROCHESTER",
"NY SYRACUSE",
"OH CLEVELAND EAST",
"OH CLEVELAND WEST",
"OH COLOMBUS",
"OH DAYTON",
"OK OKLAHOMA CITY",
"OK TULSA",
"ON LONDON",
"ON TORONTO",
"OR EUGENE",
"OR PORTLAND NORTH",
"OR PORTLAND SOUTH",
"PA ALTOONA",
"PA CHAMBERSBURG",
"PA HARRISBURG",
"PA PHILADELPHIA",
"PA PHILADELPHIA EAST",
"PA PITTSBURGH NORTH",
"PA PITTSBURGH SOUTH",
"PA PITTSBURGH WEST",
"PA SCRANTON",
"PA YORK HAVEN",
"QC MONTREAL",
"RI EXETER",
"SC COLUMBIA",
"SC NORTH CHARLESTON",
"SC SPARTANBURG",
"TN KNOXVILLE",
"TN MEMPHIS",
"TN NASHVILLE",
"TX ABILENE",
"TX AMARILLO",
"TX ANDREWS",
"TX AUSTIN",
"TX CORPUS CHRISTI",
"TX DALLAS",
"TX DALLAS SOUTH",
"TX EL PASO",
"TX FT. WORTH",
"TX HOUSTON",
"TX HOUSTON EAST",
"TX LONGVIEW",
"TX LUFKIN",
"TX MCALLEN",
"TX SAN ANTONIO",
"TX WACO",
"TX CRASHEDTOYS DALLAS",
"UT OGDEN",
"UT SALT LAKE CITY",
"VA DANVILLE",
"VA FREDERICKSBURG",
"VA HAMPTON",
"VA RICHMOND",
"VA RICHMOND EAST",
"WA GRAHAM",
"WA NORTH SEATTLE",
"WA PASCO",
"WA SPOKANE",
"WI APPLETON",
"WI MADISON",
"WI MILWAUKEE",
"WI MILWAUKEE NORTH",
"WV CHARLESTON",
"WY CASPER",