Location Name,My Price
"AK Anchorage",
"AL Birmingham",
"AL Dothan",
"AL Huntsville",
"AR Fayetteville",
"AR Little Rock",
"AZ Phoenix",
"AZ Tucson",
"CA ACE - Carson",
"CA ACE - Perris",
"CA ACE - Perris 2",
"CA Anaheim",
"CA Anaheim Consolidated",
"CA East Bay",
"CA Fontana",
"CA Fremont",
"CA Fresno",
"CA High Desert",
"CA Los Angeles",
"CA Los Angeles South",
"CA North Hollywood",
"CA Riverside",
"CA Sacramento",
"CA Sacramento West",
"CA San Diego",
"CA Santa Clarita",
"CA Stockton",
"CO Colorado Springs",
"CO Denver East",
"CO Western Colorado",
"CT Hartford",
"DE New Castle",
"FL Clearwater",
"FL Fort Myers",
"FL Fort Pierce",
"FL Jacksonville",
"FL Miami-North",
"FL Orlando",
"FL Orlando-North",
"FL Pensacola",
"FL Tampa",
"FL Tampa North",
"FL West Palm Beach",
"GA Atlanta",
"GA Atlanta East",
"GA Atlanta North",
"GA Atlanta South",
"GA Atlanta West",
"GA Lake City",
"GA Macon",
"GA Savannah",
"GA Tifton",
"HI Honolulu",
"IA Davenport",
"IA Des Moines",
"ID Boise",
"IL Chicago-North",
"IL Chicago-South",
"IL Chicago-West",
"IL Dream Rides",
"IL Electric Vehicle Auctions",
"IL Lincoln",
"IL REC RIDES Online-Exclusive",
"IL Specialty Division",
"IL St. Louis",
"IN Fort Wayne",
"IN Indianapolis",
"IN Indianapolis South",
"IN South Bend",
"KS Kansas City",
"KS Wichita",
"KY Ashland",
"KY Bowling Green",
"KY Louisville North",
"KY Paducah",
"LA Baton Rouge",
"LA Lafayette",
"LA New Orleans East",
"LA Shreveport",
"MA Boston Shirley",
"MA Taunton",
"MA Templeton",
"MD Baltimore",
"MD Dundalk",
"MD Elkton",
"MD Metro DC",
"ME Online Exclusive",
"ME Portland Gorham",
"ME Virtual Lane A",
"ME Virtual Lane B",
"ME Virtual Lane C",
"MI Detroit",
"MI Flint",
"MI Grand Rapids",
"MN Minneapolis South",
"MN Minneapolis/St. Paul",
"MN St. Cloud",
"MO Kansas City East",
"MO Springfield",
"MS Grenada",
"MS Gulf Coast",
"MS Jackson",
"MT Billings",
"MT Missoula",
"NC Asheville",
"NC Charlotte",
"NC Concord",
"NC Greensboro",
"NC High Point",
"NC Raleigh",
"NC Wilmington",
"ND Fargo",
"NE Omaha",
"NE Omaha South",
"NH Manchester",
"NJ Avenel New Jersey",
"NJ Central New Jersey",
"NJ Englishtown",
"NJ Port Murray",
"NJ Sayreville",
"NJ Southern New Jersey",
"NM Albuquerque",
"NV Las Vegas",
"NV Reno",
"NY Albany",
"NY Buffalo",
"NY Long Island",
"NY Monticello",
"NY Newburgh",
"NY Rochester",
"NY Staten Island",
"NY Syracuse",
"OH Akron-Canton",
"OH Cincinnati",
"OH Cincinnati-South",
"OH Cleveland",
"OH Columbus",
"OH Dayton",
"OK Oklahoma City",
"OK Tulsa",
"OR Eugene",
"OR Portland",
"OR Portland South",
"OR Portland West",
"PA Altoona",
"PA Bridgeport",
"PA Erie",
"PA Philadelphia",
"PA Pittsburgh",
"PA Pittsburgh-North",
"PA Scranton",
"PA York Springs",
"RI Providence",
"SC Charleston",
"SC Greenville",
"SC Lexington",
"SD Sioux Falls",
"TN Chattanooga",
"TN Knoxville",
"TN Memphis",
"TN Nashville",
"TX Abilene",
"TX Amarillo",
"TX Austin",
"TX Austin North",
"TX Corpus Christi",
"TX Dallas",
"TX Dallas/Ft Worth",
"TX El Paso",
"TX Fort Worth North",
"TX Houston",
"TX Houston South",
"TX Houston-North",
"TX Longview",
"TX Lubbock",
"TX McAllen",
"TX Permian Basin",
"TX San Antonio-South",
"UT Provo",
"UT Salt Lake City",
"VA Culpeper",
"VA Northern Virginia",
"VA Pulaski",
"VA Richmond",
"VA Roanoke",
"VA Suffolk",
"VA Tidewater",
"VT Burlington",
"WA Seattle",
"WA Spokane",
"WI Appleton",
"WI Milwaukee",
"WI Portage",
"WV Buckhannon",
"WV Shady Spring",
"WY Casper",